"","Date","Pages"
"1",1903-03-01,16
"2",1903-04-01,170
"3",1903-05-01,160
"4",1903-06-01,160
"5",1903-07-01,170
"6",1903-08-01,168
"7",1903-09-01,154
"8",1903-10-01,176
"9",1903-11-01,156
"10",1903-12-01,178
"11",1904-01-01,158
"12",1904-02-01,152
"13",1904-03-01,184
"14",1904-04-01,178
"15",1904-05-01,172
"16",1904-06-01,176
"17",1904-07-01,200
"18",1904-08-01,182
"19",1904-09-01,176
"20",1904-10-01,182
"21",1904-11-01,156
"22",1904-12-01,206
"23",1905-01-01,172
"24",1905-02-01,174
"25",1905-03-01,207
"26",1905-04-01,186
"27",1905-05-01,186
"28",1905-06-01,201
"29",1905-07-01,44
"30",1905-08-01,206
"31",1905-09-01,214
"32",1905-10-01,232
"33",1905-11-01,236
"34",1905-12-01,260
"35",1906-01-01,235
"36",1906-02-01,204
"37",1906-03-01,262
"38",1906-04-01,242
"39",1906-05-01,252
"40",1906-06-01,249
"41",1906-07-01,234
"42",1906-08-01,266
"43",1906-09-01,236
"44",1906-10-01,268
"45",1906-11-01,262
"46",1906-12-01,268
"47",1907-01-01,232
"48",1907-02-01,214
"49",1907-03-01,260
